{
    "ver": "4.0",
    "name": "REPLACEEVENT",
    "time": "REPLACETIME",
    "iKey": "o:0890af88a9ed4cc886a14f5e174a2827",
    "ext": {
        "utc": {
            "shellId": 1,
            "eventFlags": 1,
            "pgName": "XBOX",
            "flags": 1,
            "epoch": "1",
            "seq": REPLACESEQ
        },
        "privacy": {
            "dataType": 1,
            "isRequired": false
        },
        "metadata": REPLACEMETADATA
            },
            "privTags": 1,
            "policies": 0
        },
        "os": {
            "bootId": 1,
            "name": "Windows",
            "ver": "1",
            "expId": "1"
        },
        "app": {
            "id": "U:Microsoft.Dayton_2.670.240.0_x64__8wekyb3d8bbwe!Shipping",
            "ver": "2.670.240.0_x64_!2024/07/16:16:35:16!47D001C!stateofdecay2-win64-shipping.exe",
            "is1P": 1,
            "asId": 1
        },
        "device": {
            "localId": "s:11111111-1111-1111-1111-111111111111",
            "deviceClass": "Windows.Desktop"
        },
        "protocol": {
            "devMake": "1",
            "devModel": "1",
            "ticketKeys": [
                "1"
            ]
        },
        "user": {
            "localId": "w:11111111-1111-1111-1111-111111111111"
        },
        "loc": {
            "tz": "00:00"
        }
    },
    "data": REPLACEDATA
}