{
    "ver": "4.0",
    "name": "Microsoft.XboxLive.T690285705.AchievementUnlocked",
    "time": "REPLACETIME",
    "iKey": "o:0890af88a9ed4cc886a14f5e174a2827",
    "ext": {
        "utc": {
            "shellId": 1,
            "eventFlags": 1,
            "pgName": "XBOX",
            "flags": 1,
            "epoch": "1",
            "seq": REPLACESEQ
        },
        "privacy": {
            "dataType": 1,
            "isRequired": false
        },
        "metadata": {
            "f": {
                "baseData": {
                    "f": {
                        "properties": {
                            "f": {
                                "AchievementId": 4
                            }
                        },
                        "ver": 2
                    }
                }
            },
            "privTags": 1,
            "policies": 0
        },
        "os": {
            "bootId": 1,
            "name": "Windows",
            "ver": "1",
            "expId": "1"
        },
        "app": {
            "id": "U:27620HinterlandStudio.30233944AADE4_2.31.129.0_x64__y1bt56c4151zw!Game",
            "ver": "2.31.129.0_x64_!2022/12/12:20:48:53!0!tld.exe",
            "is1P": 1,
            "asId": 1
        },
        "device": {
            "localId": "s:11111111-1111-1111-1111-111111111111",
            "deviceClass": "Windows.Desktop"
        },
        "protocol": {
            "devMake": "1",
            "devModel": "1",
            "ticketKeys": [
                "1"
            ]
        },
        "user": {
            "localId": "w:11111111-1111-1111-1111-111111111111"
        },
        "loc": {
            "tz": "00:00"
        }
    },
    "data": {
        "baseType": "Microsoft.XboxLive.InGame",
        "baseData": {
            "measurements": {},
            "name": "AchievementUnlocked",
            "playerSessionId": "11111111-1111-1111-1111-111111111111",
            "properties": {
                "AchievementId": REPLACECRITERIA
            },
            "serviceConfigId": "b23b0100-842a-4be2-8c91-ca122924ec89",
            "titleId": 690285705,
            "userId": "REPLACEXUID",
            "ver": 1
        }
    }
}