{
    "ver": "4.0",
    "name": "REPLACETITLE",
    "time": "REPLACETIME",
    "iKey": "o:0890af88a9ed4cc886a14f5e174a2827",
    "ext": {
        "utc": {
            "shellId": 1,
            "eventFlags": 1,
            "pgName": "XBOX",
            "flags": 1,
            "epoch": "1",
            "seq": REPLACESEQ
        },
        "privacy": {
            "isRequired": false
        },
        "metadata": {
            "f": {
                "baseData": {
                    "f": {
                        "properties": {
                            "f": {
                                "Unlock": 4
                            }
                        }
                    }
                }
            },
            "policies": 0
        },
        "os": {
            "bootId": 1,
            "name": "Windows",
            "ver": "1",
            "expId": "1"
        },
        "app": {
            "id": "U:38985CA0.PCCallofDutyInfiniteWarfare_1.2018.111.2_x64__5bkah9njm3e9g!App",
            "ver": "1.2018.111.2_x64_!2018/01/08:22:18:11!0!iw7uwp_ship.exe",
            "is1P": 1,
            "asId": 1
        },
        "device": {
            "localId": "s:11111111-1111-1111-1111-111111111111",
            "deviceClass": "Windows.Desktop"
        },
        "protocol": {
            "devMake": "1",
            "devModel": "1",
            "ticketKeys": [
                "1"
            ]
        },
        "user": {
            "localId": "m:1111111111111111"
        },
        "loc": {
            "tz": "00:00"
        }
    },
    "data": {
        "baseType": "Microsoft.XboxLive.InGame",
        "baseData": {
            "name": "REPLACENAME",
            "serviceConfigId": "cc3a0100-c215-4c0a-9d7f-ca182cfd32b8",
            "playerSessionId": "11111111-1111-1111-1111-111111111111",
            "titleId": "754791096",
            "userId": "REPLACEXUID",
            "ver": 1,
            "properties": {
                "Unlock": 1
            }
        }
    }
}